<?xml version="1.0" encoding="UTF-8"?>
<config xmlns="http://www.knime.org/2008/09/XMLConfig" xmlns:xsi="http://www.w3.org/2001/XMLSchema-instance" xsi:schemaLocation="http://www.knime.org/2008/09/XMLConfig http://www.knime.org/XMLConfig_2008_09.xsd" key="model.xml">
    <entry key="version" type="xint" value="1"/>
    <entry key="class_name" type="xstring" value="org.knime.base.data.normalize.NormalizerPortObject"/>
    <config key="model">
        <config key="columns">
            <config key="CRS_ELAPSED_TIME">
                <entry key="column_name" type="xstring" value="CRS_ELAPSED_TIME"/>
                <entry key="column_scale" type="xdouble" value="0.014670730971619807"/>
                <entry key="column_translate" type="xdouble" value="-2.1578305928955026"/>
                <entry key="column_min" type="xdouble" value="NaN"/>
                <entry key="column_max" type="xdouble" value="NaN"/>
            </config>
            <config key="DISTANCE">
                <entry key="column_name" type="xstring" value="DISTANCE"/>
                <entry key="column_scale" type="xdouble" value="0.001819578851808176"/>
                <entry key="column_translate" type="xdouble" value="-1.552691923783359"/>
                <entry key="column_min" type="xdouble" value="NaN"/>
                <entry key="column_max" type="xdouble" value="NaN"/>
            </config>
            <config key="tmpf">
                <entry key="column_name" type="xstring" value="tmpf"/>
                <entry key="column_scale" type="xdouble" value="0.038900469031181995"/>
                <entry key="column_translate" type="xdouble" value="-1.5597263806384598"/>
                <entry key="column_min" type="xdouble" value="NaN"/>
                <entry key="column_max" type="xdouble" value="NaN"/>
            </config>
            <config key="dwpf">
                <entry key="column_name" type="xstring" value="dwpf"/>
                <entry key="column_scale" type="xdouble" value="0.043762546252886836"/>
                <entry key="column_translate" type="xdouble" value="-1.3919896549855917"/>
                <entry key="column_min" type="xdouble" value="NaN"/>
                <entry key="column_max" type="xdouble" value="NaN"/>
            </config>
            <config key="relh">
                <entry key="column_name" type="xstring" value="relh"/>
                <entry key="column_scale" type="xdouble" value="0.031198653062274897"/>
                <entry key="column_translate" type="xdouble" value="-1.7194376894759689"/>
                <entry key="column_min" type="xdouble" value="NaN"/>
                <entry key="column_max" type="xdouble" value="NaN"/>
            </config>
            <config key="drct">
                <entry key="column_name" type="xstring" value="drct"/>
                <entry key="column_scale" type="xdouble" value="0.010309858931437143"/>
                <entry key="column_translate" type="xdouble" value="-1.6428227068920058"/>
                <entry key="column_min" type="xdouble" value="NaN"/>
                <entry key="column_max" type="xdouble" value="NaN"/>
            </config>
            <config key="sknt">
                <entry key="column_name" type="xstring" value="sknt"/>
                <entry key="column_scale" type="xdouble" value="0.24190759899560574"/>
                <entry key="column_translate" type="xdouble" value="-1.7572828325698573"/>
                <entry key="column_min" type="xdouble" value="NaN"/>
                <entry key="column_max" type="xdouble" value="NaN"/>
            </config>
            <config key="p01i">
                <entry key="column_name" type="xstring" value="p01i"/>
                <entry key="column_scale" type="xdouble" value="25.74300543336117"/>
                <entry key="column_translate" type="xdouble" value="-0.1719907892184665"/>
                <entry key="column_min" type="xdouble" value="NaN"/>
                <entry key="column_max" type="xdouble" value="NaN"/>
            </config>
            <config key="alti">
                <entry key="column_name" type="xstring" value="alti"/>
                <entry key="column_scale" type="xdouble" value="1.8408418011121395"/>
                <entry key="column_translate" type="xdouble" value="-55.20548632106255"/>
                <entry key="column_min" type="xdouble" value="NaN"/>
                <entry key="column_max" type="xdouble" value="NaN"/>
            </config>
            <config key="mslp">
                <entry key="column_name" type="xstring" value="mslp"/>
                <entry key="column_scale" type="xdouble" value="0.002187052516987496"/>
                <entry key="column_translate" type="xdouble" value="-1.5361771868239407"/>
                <entry key="column_min" type="xdouble" value="NaN"/>
                <entry key="column_max" type="xdouble" value="NaN"/>
            </config>
            <config key="vsby">
                <entry key="column_name" type="xstring" value="vsby"/>
                <entry key="column_scale" type="xdouble" value="0.4206498052422849"/>
                <entry key="column_translate" type="xdouble" value="-3.6894119232574245"/>
                <entry key="column_min" type="xdouble" value="NaN"/>
                <entry key="column_max" type="xdouble" value="NaN"/>
            </config>
            <config key="skyl1">
                <entry key="column_name" type="xstring" value="skyl1"/>
                <entry key="column_scale" type="xdouble" value="1.5037529083943192E-4"/>
                <entry key="column_translate" type="xdouble" value="-0.7492274024791572"/>
                <entry key="column_min" type="xdouble" value="NaN"/>
                <entry key="column_max" type="xdouble" value="NaN"/>
            </config>
            <config key="skyl2">
                <entry key="column_name" type="xstring" value="skyl2"/>
                <entry key="column_scale" type="xdouble" value="1.431708975090271E-4"/>
                <entry key="column_translate" type="xdouble" value="-0.7337966884584556"/>
                <entry key="column_min" type="xdouble" value="NaN"/>
                <entry key="column_max" type="xdouble" value="NaN"/>
            </config>
            <config key="skyl3">
                <entry key="column_name" type="xstring" value="skyl3"/>
                <entry key="column_scale" type="xdouble" value="1.615005985921646E-4"/>
                <entry key="column_translate" type="xdouble" value="-0.4800669924993595"/>
                <entry key="column_min" type="xdouble" value="NaN"/>
                <entry key="column_max" type="xdouble" value="NaN"/>
            </config>
            <config key="feel">
                <entry key="column_name" type="xstring" value="feel"/>
                <entry key="column_scale" type="xdouble" value="0.03708244719167888"/>
                <entry key="column_translate" type="xdouble" value="-1.4041738742472412"/>
                <entry key="column_min" type="xdouble" value="NaN"/>
                <entry key="column_max" type="xdouble" value="NaN"/>
            </config>
        </config>
        <entry key="summary" type="xstring" value="Z-Score (Gaussian) normalization on 15 column(s)"/>
    </config>
</config>
