<?xml version="1.0" encoding="UTF-8"?>
<config xmlns="http://www.knime.org/2008/09/XMLConfig" xmlns:xsi="http://www.w3.org/2001/XMLSchema-instance" xsi:schemaLocation="http://www.knime.org/2008/09/XMLConfig http://www.knime.org/XMLConfig_2008_09.xsd" key="MiningSchema">
    <config key="learning">
        <entry key="array-size" type="xint" value="426"/>
        <entry key="0" type="xstring" value="atmospher[]"/>
        <entry key="1" type="xstring" value="bar[]"/>
        <entry key="2" type="xstring" value="beer[]"/>
        <entry key="3" type="xstring" value="bit[]"/>
        <entry key="4" type="xstring" value="ca[]"/>
        <entry key="5" type="xstring" value="coffe[]"/>
        <entry key="6" type="xstring" value="decent[]"/>
        <entry key="7" type="xstring" value="dine[]"/>
        <entry key="8" type="xstring" value="help[]"/>
        <entry key="9" type="xstring" value="horribl[]"/>
        <entry key="10" type="xstring" value="hous[]"/>
        <entry key="11" type="xstring" value="huge[]"/>
        <entry key="12" type="xstring" value="love[]"/>
        <entry key="13" type="xstring" value="nice[]"/>
        <entry key="14" type="xstring" value="pick[]"/>
        <entry key="15" type="xstring" value="piec[]"/>
        <entry key="16" type="xstring" value="probabl[]"/>
        <entry key="17" type="xstring" value="review[]"/>
        <entry key="18" type="xstring" value="rude[]"/>
        <entry key="19" type="xstring" value="staff[]"/>
        <entry key="20" type="xstring" value="try[]"/>
        <entry key="21" type="xstring" value="ve[]"/>
        <entry key="22" type="xstring" value="wait[]"/>
        <entry key="23" type="xstring" value="wine[]"/>
        <entry key="24" type="xstring" value="wonder[]"/>
        <entry key="25" type="xstring" value="worst[]"/>
        <entry key="26" type="xstring" value="am[]"/>
        <entry key="27" type="xstring" value="bite[]"/>
        <entry key="28" type="xstring" value="chang[]"/>
        <entry key="29" type="xstring" value="coupl[]"/>
        <entry key="30" type="xstring" value="dress[]"/>
        <entry key="31" type="xstring" value="eat[]"/>
        <entry key="32" type="xstring" value="life[]"/>
        <entry key="33" type="xstring" value="lunch[]"/>
        <entry key="34" type="xstring" value="pizza[]"/>
        <entry key="35" type="xstring" value="pretti[]"/>
        <entry key="36" type="xstring" value="quickli[]"/>
        <entry key="37" type="xstring" value="salad[]"/>
        <entry key="38" type="xstring" value="slice[]"/>
        <entry key="39" type="xstring" value="stop[]"/>
        <entry key="40" type="xstring" value="tast[]"/>
        <entry key="41" type="xstring" value="thank[]"/>
        <entry key="42" type="xstring" value="warm[]"/>
        <entry key="43" type="xstring" value="close[]"/>
        <entry key="44" type="xstring" value="cover[]"/>
        <entry key="45" type="xstring" value="door[]"/>
        <entry key="46" type="xstring" value="drop[]"/>
        <entry key="47" type="xstring" value="expect[]"/>
        <entry key="48" type="xstring" value="figur[]"/>
        <entry key="49" type="xstring" value="get[]"/>
        <entry key="50" type="xstring" value="minut[]"/>
        <entry key="51" type="xstring" value="miss[]"/>
        <entry key="52" type="xstring" value="monei[]"/>
        <entry key="53" type="xstring" value="month[]"/>
        <entry key="54" type="xstring" value="past[]"/>
        <entry key="55" type="xstring" value="plai[]"/>
        <entry key="56" type="xstring" value="quick[]"/>
        <entry key="57" type="xstring" value="return[]"/>
        <entry key="58" type="xstring" value="take[]"/>
        <entry key="59" type="xstring" value="tv[]"/>
        <entry key="60" type="xstring" value="abl[]"/>
        <entry key="61" type="xstring" value="actual[]"/>
        <entry key="62" type="xstring" value="amaz[]"/>
        <entry key="63" type="xstring" value="believ[]"/>
        <entry key="64" type="xstring" value="call[]"/>
        <entry key="65" type="xstring" value="check[]"/>
        <entry key="66" type="xstring" value="complet[]"/>
        <entry key="67" type="xstring" value="cours[]"/>
        <entry key="68" type="xstring" value="custom[]"/>
        <entry key="69" type="xstring" value="deal[]"/>
        <entry key="70" type="xstring" value="fix[]"/>
        <entry key="71" type="xstring" value="gui[]"/>
        <entry key="72" type="xstring" value="happen[]"/>
        <entry key="73" type="xstring" value="heard[]"/>
        <entry key="74" type="xstring" value="home[]"/>
        <entry key="75" type="xstring" value="hour[]"/>
        <entry key="76" type="xstring" value="kept[]"/>
        <entry key="77" type="xstring" value="look[]"/>
        <entry key="78" type="xstring" value="morn[]"/>
        <entry key="79" type="xstring" value="night[]"/>
        <entry key="80" type="xstring" value="person[]"/>
        <entry key="81" type="xstring" value="phone[]"/>
        <entry key="82" type="xstring" value="read[]"/>
        <entry key="83" type="xstring" value="reason[]"/>
        <entry key="84" type="xstring" value="receiv[]"/>
        <entry key="85" type="xstring" value="sai[]"/>
        <entry key="86" type="xstring" value="sit[]"/>
        <entry key="87" type="xstring" value="star[]"/>
        <entry key="88" type="xstring" value="suppos[]"/>
        <entry key="89" type="xstring" value="type[]"/>
        <entry key="90" type="xstring" value="arriv[]"/>
        <entry key="91" type="xstring" value="avail[]"/>
        <entry key="92" type="xstring" value="empti[]"/>
        <entry key="93" type="xstring" value="excel[]"/>
        <entry key="94" type="xstring" value="floor[]"/>
        <entry key="95" type="xstring" value="fridai[]"/>
        <entry key="96" type="xstring" value="friendli[]"/>
        <entry key="97" type="xstring" value="front[]"/>
        <entry key="98" type="xstring" value="give[]"/>
        <entry key="99" type="xstring" value="hope[]"/>
        <entry key="100" type="xstring" value="left[]"/>
        <entry key="101" type="xstring" value="meal[]"/>
        <entry key="102" type="xstring" value="parti[]"/>
        <entry key="103" type="xstring" value="pass[]"/>
        <entry key="104" type="xstring" value="recommend[]"/>
        <entry key="105" type="xstring" value="reserv[]"/>
        <entry key="106" type="xstring" value="seat[]"/>
        <entry key="107" type="xstring" value="server[]"/>
        <entry key="108" type="xstring" value="tabl[]"/>
        <entry key="109" type="xstring" value="told[]"/>
        <entry key="110" type="xstring" value="entir[]"/>
        <entry key="111" type="xstring" value="girl[]"/>
        <entry key="112" type="xstring" value="hear[]"/>
        <entry key="113" type="xstring" value="manag[]"/>
        <entry key="114" type="xstring" value="notic[]"/>
        <entry key="115" type="xstring" value="plan[]"/>
        <entry key="116" type="xstring" value="sorri[]"/>
        <entry key="117" type="xstring" value="tell[]"/>
        <entry key="118" type="xstring" value="understand[]"/>
        <entry key="119" type="xstring" value="absolut[]"/>
        <entry key="120" type="xstring" value="car[]"/>
        <entry key="121" type="xstring" value="chees[]"/>
        <entry key="122" type="xstring" value="chicken[]"/>
        <entry key="123" type="xstring" value="drive[]"/>
        <entry key="124" type="xstring" value="fast[]"/>
        <entry key="125" type="xstring" value="found[]"/>
        <entry key="126" type="xstring" value="idea[]"/>
        <entry key="127" type="xstring" value="line[]"/>
        <entry key="128" type="xstring" value="re[]"/>
        <entry key="129" type="xstring" value="readi[]"/>
        <entry key="130" type="xstring" value="sat[]"/>
        <entry key="131" type="xstring" value="serv[]"/>
        <entry key="132" type="xstring" value="short[]"/>
        <entry key="133" type="xstring" value="taco[]"/>
        <entry key="134" type="xstring" value="wo[]"/>
        <entry key="135" type="xstring" value="attent[]"/>
        <entry key="136" type="xstring" value="bad[]"/>
        <entry key="137" type="xstring" value="fan[]"/>
        <entry key="138" type="xstring" value="guess[]"/>
        <entry key="139" type="xstring" value="hard[]"/>
        <entry key="140" type="xstring" value="job[]"/>
        <entry key="141" type="xstring" value="ladi[]"/>
        <entry key="142" type="xstring" value="peopl[]"/>
        <entry key="143" type="xstring" value="run[]"/>
        <entry key="144" type="xstring" value="serious[]"/>
        <entry key="145" type="xstring" value="top[]"/>
        <entry key="146" type="xstring" value="total[]"/>
        <entry key="147" type="xstring" value="usual[]"/>
        <entry key="148" type="xstring" value="waitress[]"/>
        <entry key="149" type="xstring" value="walk[]"/>
        <entry key="150" type="xstring" value="amount[]"/>
        <entry key="151" type="xstring" value="bottl[]"/>
        <entry key="152" type="xstring" value="busi[]"/>
        <entry key="153" type="xstring" value="card[]"/>
        <entry key="154" type="xstring" value="charg[]"/>
        <entry key="155" type="xstring" value="dai[]"/>
        <entry key="156" type="xstring" value="explain[]"/>
        <entry key="157" type="xstring" value="final[]"/>
        <entry key="158" type="xstring" value="kid[]"/>
        <entry key="159" type="xstring" value="late[]"/>
        <entry key="160" type="xstring" value="save[]"/>
        <entry key="161" type="xstring" value="set[]"/>
        <entry key="162" type="xstring" value="spend[]"/>
        <entry key="163" type="xstring" value="stai[]"/>
        <entry key="164" type="xstring" value="water[]"/>
        <entry key="165" type="xstring" value="week[]"/>
        <entry key="166" type="xstring" value="wrong[]"/>
        <entry key="167" type="xstring" value="citi[]"/>
        <entry key="168" type="xstring" value="friend[]"/>
        <entry key="169" type="xstring" value="green[]"/>
        <entry key="170" type="xstring" value="hotel[]"/>
        <entry key="171" type="xstring" value="ll[]"/>
        <entry key="172" type="xstring" value="main[]"/>
        <entry key="173" type="xstring" value="normal[]"/>
        <entry key="174" type="xstring" value="poor[]"/>
        <entry key="175" type="xstring" value="size[]"/>
        <entry key="176" type="xstring" value="street[]"/>
        <entry key="177" type="xstring" value="terribl[]"/>
        <entry key="178" type="xstring" value="clean[]"/>
        <entry key="179" type="xstring" value="shrimp[]"/>
        <entry key="180" type="xstring" value="smell[]"/>
        <entry key="181" type="xstring" value="tri[]"/>
        <entry key="182" type="xstring" value="dirti[]"/>
        <entry key="183" type="xstring" value="pai[]"/>
        <entry key="184" type="xstring" value="cup[]"/>
        <entry key="185" type="xstring" value="hand[]"/>
        <entry key="186" type="xstring" value="liter[]"/>
        <entry key="187" type="xstring" value="plate[]"/>
        <entry key="188" type="xstring" value="start[]"/>
        <entry key="189" type="xstring" value="tip[]"/>
        <entry key="190" type="xstring" value="wife[]"/>
        <entry key="191" type="xstring" value="wish[]"/>
        <entry key="192" type="xstring" value="write[]"/>
        <entry key="193" type="xstring" value="awesom[]"/>
        <entry key="194" type="xstring" value="casino[]"/>
        <entry key="195" type="xstring" value="compar[]"/>
        <entry key="196" type="xstring" value="cost[]"/>
        <entry key="197" type="xstring" value="cut[]"/>
        <entry key="198" type="xstring" value="decid[]"/>
        <entry key="199" type="xstring" value="disappoint[]"/>
        <entry key="200" type="xstring" value="els[]"/>
        <entry key="201" type="xstring" value="experi[]"/>
        <entry key="202" type="xstring" value="free[]"/>
        <entry key="203" type="xstring" value="highli[]"/>
        <entry key="204" type="xstring" value="impress[]"/>
        <entry key="205" type="xstring" value="littl[]"/>
        <entry key="206" type="xstring" value="locat[]"/>
        <entry key="207" type="xstring" value="offer[]"/>
        <entry key="208" type="xstring" value="pleas[]"/>
        <entry key="209" type="xstring" value="price[]"/>
        <entry key="210" type="xstring" value="saturdai[]"/>
        <entry key="211" type="xstring" value="vega[]"/>
        <entry key="212" type="xstring" value="white[]"/>
        <entry key="213" type="xstring" value="entre[]"/>
        <entry key="214" type="xstring" value="favorit[]"/>
        <entry key="215" type="xstring" value="gone[]"/>
        <entry key="216" type="xstring" value="menu[]"/>
        <entry key="217" type="xstring" value="qualiti[]"/>
        <entry key="218" type="xstring" value="restaur[]"/>
        <entry key="219" type="xstring" value="varieti[]"/>
        <entry key="220" type="xstring" value="view[]"/>
        <entry key="221" type="xstring" value="visit[]"/>
        <entry key="222" type="xstring" value="wast[]"/>
        <entry key="223" type="xstring" value="feel[]"/>
        <entry key="224" type="xstring" value="hate[]"/>
        <entry key="225" type="xstring" value="lack[]"/>
        <entry key="226" type="xstring" value="live[]"/>
        <entry key="227" type="xstring" value="rememb[]"/>
        <entry key="228" type="xstring" value="shop[]"/>
        <entry key="229" type="xstring" value="unfortun[]"/>
        <entry key="230" type="xstring" value="unless[]"/>
        <entry key="231" type="xstring" value="worth[]"/>
        <entry key="232" type="xstring" value="basic[]"/>
        <entry key="233" type="xstring" value="half[]"/>
        <entry key="234" type="xstring" value="care[]"/>
        <entry key="235" type="xstring" value="cook[]"/>
        <entry key="236" type="xstring" value="steak[]"/>
        <entry key="237" type="xstring" value="waiter[]"/>
        <entry key="238" type="xstring" value="cold[]"/>
        <entry key="239" type="xstring" value="ic[]"/>
        <entry key="240" type="xstring" value="mayb[]"/>
        <entry key="241" type="xstring" value="portion[]"/>
        <entry key="242" type="xstring" value="bartend[]"/>
        <entry key="243" type="xstring" value="bill[]"/>
        <entry key="244" type="xstring" value="dinner[]"/>
        <entry key="245" type="xstring" value="drink[]"/>
        <entry key="246" type="xstring" value="fish[]"/>
        <entry key="247" type="xstring" value="item[]"/>
        <entry key="248" type="xstring" value="mean[]"/>
        <entry key="249" type="xstring" value="oh[]"/>
        <entry key="250" type="xstring" value="ok[]"/>
        <entry key="251" type="xstring" value="pork[]"/>
        <entry key="252" type="xstring" value="red[]"/>
        <entry key="253" type="xstring" value="rest[]"/>
        <entry key="254" type="xstring" value="talk[]"/>
        <entry key="255" type="xstring" value="word[]"/>
        <entry key="256" type="xstring" value="ye[]"/>
        <entry key="257" type="xstring" value="come[]"/>
        <entry key="258" type="xstring" value="especi[]"/>
        <entry key="259" type="xstring" value="like[]"/>
        <entry key="260" type="xstring" value="plenti[]"/>
        <entry key="261" type="xstring" value="bacon[]"/>
        <entry key="262" type="xstring" value="bring[]"/>
        <entry key="263" type="xstring" value="egg[]"/>
        <entry key="264" type="xstring" value="lot[]"/>
        <entry key="265" type="xstring" value="kitchen[]"/>
        <entry key="266" type="xstring" value="min[]"/>
        <entry key="267" type="xstring" value="brought[]"/>
        <entry key="268" type="xstring" value="consid[]"/>
        <entry key="269" type="xstring" value="employe[]"/>
        <entry key="270" type="xstring" value="move[]"/>
        <entry key="271" type="xstring" value="stand[]"/>
        <entry key="272" type="xstring" value="husband[]"/>
        <entry key="273" type="xstring" value="bean[]"/>
        <entry key="274" type="xstring" value="includ[]"/>
        <entry key="275" type="xstring" value="local[]"/>
        <entry key="276" type="xstring" value="mexican[]"/>
        <entry key="277" type="xstring" value="ad[]"/>
        <entry key="278" type="xstring" value="base[]"/>
        <entry key="279" type="xstring" value="bread[]"/>
        <entry key="280" type="xstring" value="bui[]"/>
        <entry key="281" type="xstring" value="choic[]"/>
        <entry key="282" type="xstring" value="cool[]"/>
        <entry key="283" type="xstring" value="date[]"/>
        <entry key="284" type="xstring" value="do[]"/>
        <entry key="285" type="xstring" value="extrem[]"/>
        <entry key="286" type="xstring" value="happi[]"/>
        <entry key="287" type="xstring" value="mention[]"/>
        <entry key="288" type="xstring" value="near[]"/>
        <entry key="289" type="xstring" value="overal[]"/>
        <entry key="290" type="xstring" value="question[]"/>
        <entry key="291" type="xstring" value="recent[]"/>
        <entry key="292" type="xstring" value="seen[]"/>
        <entry key="293" type="xstring" value="store[]"/>
        <entry key="294" type="xstring" value="stuff[]"/>
        <entry key="295" type="xstring" value="dish[]"/>
        <entry key="296" type="xstring" value="sign[]"/>
        <entry key="297" type="xstring" value="etc[]"/>
        <entry key="298" type="xstring" value="even[]"/>
        <entry key="299" type="xstring" value="town[]"/>
        <entry key="300" type="xstring" value="rice[]"/>
        <entry key="301" type="xstring" value="roll[]"/>
        <entry key="302" type="xstring" value="sushi[]"/>
        <entry key="303" type="xstring" value="beauti[]"/>
        <entry key="304" type="xstring" value="buffet[]"/>
        <entry key="305" type="xstring" value="delici[]"/>
        <entry key="306" type="xstring" value="paid[]"/>
        <entry key="307" type="xstring" value="yelp[]"/>
        <entry key="308" type="xstring" value="bland[]"/>
        <entry key="309" type="xstring" value="chef[]"/>
        <entry key="310" type="xstring" value="definit[]"/>
        <entry key="311" type="xstring" value="expens[]"/>
        <entry key="312" type="xstring" value="fine[]"/>
        <entry key="313" type="xstring" value="mix[]"/>
        <entry key="314" type="xstring" value="name[]"/>
        <entry key="315" type="xstring" value="slow[]"/>
        <entry key="316" type="xstring" value="suggest[]"/>
        <entry key="317" type="xstring" value="dessert[]"/>
        <entry key="318" type="xstring" value="appet[]"/>
        <entry key="319" type="xstring" value="prepar[]"/>
        <entry key="320" type="xstring" value="due[]"/>
        <entry key="321" type="xstring" value="easi[]"/>
        <entry key="322" type="xstring" value="leav[]"/>
        <entry key="323" type="xstring" value="surpris[]"/>
        <entry key="324" type="xstring" value="burger[]"/>
        <entry key="325" type="xstring" value="finish[]"/>
        <entry key="326" type="xstring" value="pack[]"/>
        <entry key="327" type="xstring" value="wall[]"/>
        <entry key="328" type="xstring" value="cake[]"/>
        <entry key="329" type="xstring" value="own[]"/>
        <entry key="330" type="xstring" value="sauc[]"/>
        <entry key="331" type="xstring" value="extra[]"/>
        <entry key="332" type="xstring" value="owner[]"/>
        <entry key="333" type="xstring" value="rate[]"/>
        <entry key="334" type="xstring" value="hot[]"/>
        <entry key="335" type="xstring" value="mind[]"/>
        <entry key="336" type="xstring" value="instead[]"/>
        <entry key="337" type="xstring" value="sometim[]"/>
        <entry key="338" type="xstring" value="treat[]"/>
        <entry key="339" type="xstring" value="famili[]"/>
        <entry key="340" type="xstring" value="glass[]"/>
        <entry key="341" type="xstring" value="enjoi[]"/>
        <entry key="342" type="xstring" value="club[]"/>
        <entry key="343" type="xstring" value="greet[]"/>
        <entry key="344" type="xstring" value="sandwich[]"/>
        <entry key="345" type="xstring" value="outsid[]"/>
        <entry key="346" type="xstring" value="super[]"/>
        <entry key="347" type="xstring" value="fri[]"/>
        <entry key="348" type="xstring" value="fresh[]"/>
        <entry key="349" type="xstring" value="bowl[]"/>
        <entry key="350" type="xstring" value="meat[]"/>
        <entry key="351" type="xstring" value="spici[]"/>
        <entry key="352" type="xstring" value="veggi[]"/>
        <entry key="353" type="xstring" value="twice[]"/>
        <entry key="354" type="xstring" value="chocol[]"/>
        <entry key="355" type="xstring" value="fantast[]"/>
        <entry key="356" type="xstring" value="fill[]"/>
        <entry key="357" type="xstring" value="ago[]"/>
        <entry key="358" type="xstring" value="chip[]"/>
        <entry key="359" type="xstring" value="strip[]"/>
        <entry key="360" type="xstring" value="cream[]"/>
        <entry key="361" type="xstring" value="chanc[]"/>
        <entry key="362" type="xstring" value="bathroom[]"/>
        <entry key="363" type="xstring" value="grab[]"/>
        <entry key="364" type="xstring" value="head[]"/>
        <entry key="365" type="xstring" value="french[]"/>
        <entry key="366" type="xstring" value="cheap[]"/>
        <entry key="367" type="xstring" value="averag[]"/>
        <entry key="368" type="xstring" value="counter[]"/>
        <entry key="369" type="xstring" value="watch[]"/>
        <entry key="370" type="xstring" value="list[]"/>
        <entry key="371" type="xstring" value="special[]"/>
        <entry key="372" type="xstring" value="book[]"/>
        <entry key="373" type="xstring" value="at[]"/>
        <entry key="374" type="xstring" value="potato[]"/>
        <entry key="375" type="xstring" value="park[]"/>
        <entry key="376" type="xstring" value="spot[]"/>
        <entry key="377" type="xstring" value="anywai[]"/>
        <entry key="378" type="xstring" value="issu[]"/>
        <entry key="379" type="xstring" value="make[]"/>
        <entry key="380" type="xstring" value="la[]"/>
        <entry key="381" type="xstring" value="add[]"/>
        <entry key="382" type="xstring" value="soon[]"/>
        <entry key="383" type="xstring" value="consist[]"/>
        <entry key="384" type="xstring" value="okai[]"/>
        <entry key="385" type="xstring" value="select[]"/>
        <entry key="386" type="xstring" value="game[]"/>
        <entry key="387" type="xstring" value="insid[]"/>
        <entry key="388" type="xstring" value="regular[]"/>
        <entry key="389" type="xstring" value="standard[]"/>
        <entry key="390" type="xstring" value="flavor[]"/>
        <entry key="391" type="xstring" value="trip[]"/>
        <entry key="392" type="xstring" value="breakfast[]"/>
        <entry key="393" type="xstring" value="beef[]"/>
        <entry key="394" type="xstring" value="option[]"/>
        <entry key="395" type="xstring" value="rib[]"/>
        <entry key="396" type="xstring" value="comfort[]"/>
        <entry key="397" type="xstring" value="excit[]"/>
        <entry key="398" type="xstring" value="weekend[]"/>
        <entry key="399" type="xstring" value="pool[]"/>
        <entry key="400" type="xstring" value="except[]"/>
        <entry key="401" type="xstring" value="real[]"/>
        <entry key="402" type="xstring" value="share[]"/>
        <entry key="403" type="xstring" value="grill[]"/>
        <entry key="404" type="xstring" value="style[]"/>
        <entry key="405" type="xstring" value="tasti[]"/>
        <entry key="406" type="xstring" value="fun[]"/>
        <entry key="407" type="xstring" value="soup[]"/>
        <entry key="408" type="xstring" value="hit[]"/>
        <entry key="409" type="xstring" value="crowd[]"/>
        <entry key="410" type="xstring" value="mediocr[]"/>
        <entry key="411" type="xstring" value="sweet[]"/>
        <entry key="412" type="xstring" value="yummi[]"/>
        <entry key="413" type="xstring" value="onion[]"/>
        <entry key="414" type="xstring" value="tomato[]"/>
        <entry key="415" type="xstring" value="decor[]"/>
        <entry key="416" type="xstring" value="dry[]"/>
        <entry key="417" type="xstring" value="music[]"/>
        <entry key="418" type="xstring" value="plu[]"/>
        <entry key="419" type="xstring" value="sundai[]"/>
        <entry key="420" type="xstring" value="patio[]"/>
        <entry key="421" type="xstring" value="light[]"/>
        <entry key="422" type="xstring" value="season[]"/>
        <entry key="423" type="xstring" value="space[]"/>
        <entry key="424" type="xstring" value="tea[]"/>
        <entry key="425" type="xstring" value="perfect[]"/>
    </config>
    <config key="target">
        <entry key="array-size" type="xint" value="1"/>
        <entry key="0" type="xstring" value="Rating"/>
    </config>
</config>
